n,elapsed_s,points,points_per_s
64,0.41774591605644673,4096,9805.003095342145
128,0.4576147079933435,16384,35803.0450372638
192,0.5271845830138773,36864,69926.17232706446
256,0.708951500011608,65536,92440.73818720596
384,0.6871115829562768,147456,214602.69868479733
512,0.8872910829959437,262144,295443.06825993245
