dt,steps,rmse_vs_ref
0.001,300,2.374912037339527e-05
0.0005,600,2.0399578716023825e-05
0.00025,1200,1.3856179066351615e-05
